Title,City,State,Link,Position
Accelerated Emergency Clinician Mentorship Program - Nationwide Openings!,United States,,https://jobs.jobvite.com/medvet/job/o3Htufwr,Emergency Medicine
Anesthesia Credentialed Veterinary Technician,Chicago,Illinois,https://jobs.jobvite.com/medvet/job/oJgnwfwC,Anesthesia
Anesthesia Registered Veterinary Technician,Cleveland,Ohio,https://jobs.jobvite.com/medvet/job/oYoSyfww,Anesthesia
Anesthesia Registered Veterinary Technician,Cincinnati,Ohio,https://jobs.jobvite.com/medvet/job/ok9nwfw6,Anesthesia
Anesthesia Registered Veterinary Technician- Overnight,Cincinnati,Ohio,https://jobs.jobvite.com/medvet/job/oi3dwfwO,Anesthesia
Anesthesia Veterinary Technician,Dallas,Texas,https://jobs.jobvite.com/medvet/job/os7MwfwB,Anesthesia
Anesthesia Veterinary Technician - Offering Sign On Bonus!,New Orleans,Louisiana,https://jobs.jobvite.com/medvet/job/oBDWxfwr,Anesthesia
Associate Emergency Veterinarian (Hospitalist),Meridian,Idaho,https://jobs.jobvite.com/medvet/job/oCtcufwv,Emergency Medicine
Associate Emergency Veterinarian (Hospitalist),Cleveland,Ohio,https://jobs.jobvite.com/medvet/job/oS1YnfwY,Emergency Medicine
Associate Veterinarian (Hospitalist),Sunset,Utah,https://jobs.jobvite.com/medvet/job/oY8CvfwX,Emergency Medicine
Cardiology Veterinary Assistant,Cincinnati,Ohio,https://jobs.jobvite.com/medvet/job/ogg3yfwR,Cardiology
Cardiology Veterinary Assistant - Part Time,Chicago,Illinois,https://jobs.jobvite.com/medvet/job/oGFVyfwy,Cardiology
Contingent Licensed Veterinary Technician,Vancouver,Washington,https://jobs.jobvite.com/medvet/job/osNWyfwt,Emergency Medicine
Critical Care Veterinary Assistant,Worthington,Ohio,https://jobs.jobvite.com/medvet/job/oD4gxfwe,Critical Care
Emergency and Critical Care Veterinary Doctor Coordinator- Relief,Cincinnati,Ohio,https://jobs.jobvite.com/medvet/job/o2HXwfwW,Critical Care
Emergency Credentialed Technician/Veterinary Assistant - 2nd Shift,Dallas,Texas,https://jobs.jobvite.com/medvet/job/o9Fryfwx,Emergency Medicine
Emergency Credentialed Technician/Veterinary Assistant - 2nd Shift,Dallas,Texas,https://jobs.jobvite.com/medvet/job/oPGryfwe,Emergency Medicine
Emergency Licensed Veterinary Technician - Evenings,Commerce,Michigan,https://jobs.jobvite.com/medvet/job/oVNdyfwd,Emergency Medicine
Emergency Licensed Veterinary Technician - First shift,City of Manassas,Virginia,https://jobs.jobvite.com/medvet/job/oss0yfwc,Emergency Medicine
Emergency Licensed Veterinary Technician - overnights,City of Manassas,Virginia,https://jobs.jobvite.com/medvet/job/ovs0yfwf,Emergency Medicine
Emergency Licensed Veterinary Technician- Overnights,City of Manassas,Virginia,https://jobs.jobvite.com/medvet/job/oOrayfwH,Emergency Medicine
Emergency Registered Veterinary Technician,Carmel,Indiana,https://jobs.jobvite.com/medvet/job/oWY9wfwj,Emergency Medicine
Emergency Registered Veterinary Technician - Late Evenings,Cincinnati,Ohio,https://jobs.jobvite.com/medvet/job/o1vhwfw3,Emergency Medicine
Emergency Registered Veterinary Technician - Overnight,Cincinnati,Ohio,https://jobs.jobvite.com/medvet/job/oV7CyfwW,Emergency Medicine
Emergency Registered Veterinary Technician - Overnights,Worthington,Ohio,https://jobs.jobvite.com/medvet/job/onxryfwD,Emergency Medicine
Emergency Registered Veterinary Technician - Part Time Weekends/Late Evenings,Cincinnati,Ohio,https://jobs.jobvite.com/medvet/job/owtfwfwu,Emergency Medicine
"Emergency Registered Veterinary Technician - Swing Shift, $5,000 Bonus",Columbus,Ohio,https://jobs.jobvite.com/medvet/job/oimzvfws,Emergency Medicine
Emergency Registered Veterinary Technician- Late Evenings,Dayton,Ohio,https://jobs.jobvite.com/medvet/job/oUbhxfwD,Emergency Medicine
Emergency Registered Veterinary Technician- Overnight,West Chester,Ohio,https://jobs.jobvite.com/medvet/job/ov9QyfwM,Emergency Medicine
Emergency Registered Veterinary Technician- Overnight,Campbell,California,https://jobs.jobvite.com/medvet/job/oDjZxfwc,Emergency Medicine
"Emergency Registered Veterinary Technician- Overnight, Relief",Carmel,Indiana,https://jobs.jobvite.com/medvet/job/ouwbxfws,Emergency Medicine
Emergency Registered Veterinary Technician- Overnights,Dayton,Ohio,https://jobs.jobvite.com/medvet/job/od3qvfwV,Emergency Medicine
Emergency Registered Veterinary Technician- Relief,Dayton,Ohio,https://jobs.jobvite.com/medvet/job/oIbMyfwX,Emergency Medicine
Emergency Veterinarian,Meridian,Idaho,https://jobs.jobvite.com/medvet/job/om4Cvfwh,Emergency Medicine
Emergency Veterinarian,Garden City,Idaho,https://jobs.jobvite.com/medvet/job/oxxwvfwP,Emergency Medicine
Emergency Veterinarian,Akron,Ohio,https://jobs.jobvite.com/medvet/job/o6vsvfwi,Emergency Medicine
Emergency Veterinarian,Atlanta,Georgia,https://jobs.jobvite.com/medvet/job/oqRwvfw2,Emergency Medicine
Emergency Veterinarian,Mobile,Alabama,https://jobs.jobvite.com/medvet/job/ods4ofwR,Emergency Medicine
Emergency Veterinarian,Norwalk,Connecticut,https://jobs.jobvite.com/medvet/job/oInGwfw1,Emergency Medicine
Emergency Veterinarian,Austin,Texas,https://jobs.jobvite.com/medvet/job/o4cvvfw0,Emergency Medicine
Emergency Veterinarian,Toledo,Ohio,https://jobs.jobvite.com/medvet/job/o8vvvfwn,Emergency Medicine
Emergency Veterinarian,2 Locations,,https://jobs.jobvite.com/medvet/job/o0Hyvfwu,Emergency Medicine
Emergency Veterinarian,Huntersville,North Carolina,https://jobs.jobvite.com/medvet/job/oHJQxfwx,Emergency Medicine
Emergency Veterinarian,Carmel,Indiana,https://jobs.jobvite.com/medvet/job/obSJwfw2,Emergency Medicine
Emergency Veterinarian,Scottsdale,Arizona,https://jobs.jobvite.com/medvet/job/oRxXyfwD,Emergency Medicine
Emergency Veterinarian,McMurray,Pennsylvania,https://jobs.jobvite.com/medvet/job/ob3jwfwN,Emergency Medicine
Emergency Veterinarian,Sunset,Utah,https://jobs.jobvite.com/medvet/job/ovRwwfw8,Emergency Medicine
Emergency Veterinarian,2 Locations,,https://jobs.jobvite.com/medvet/job/oBZwvfwl,Emergency Medicine
Emergency Veterinarian,Cincinnati,Ohio,https://jobs.jobvite.com/medvet/job/o15jwfwF,Emergency Medicine
Emergency Veterinarian,2 Locations,,https://jobs.jobvite.com/medvet/job/ohoMwfwH,Emergency Medicine
